Clase,Proporción,Cx,Cy,DH_mean,DV_mean,Num_comp,EdgeDensity,HOG_mean,Q1,Q2,Q3,Q4,Q5,Q6,Q7,Q8,Q9,Hu1,Hu2,Hu3,Hu4,Hu5,Hu6,Hu7
Charmander,0.5716,0.5425472358292512,0.4647305808257523,0.5716,0.5716,3.0,0.2396,nan,0.5,0.6397058823529411,1.0,0.39338235294117646,0.28719723183391005,0.629757785467128,0.5772058823529411,0.38408304498269896,0.7439446366782007,0.4429725726766544,3.1888172567383877,3.4757377297889285,2.7792996824137703,6.62169918744544,4.673273808286061,5.914618603586011
Gengar,0.3564,0.5083950617283951,0.4515151515151515,0.3564,0.3564,14.0,0.3088,nan,0.4453125,0.22058823529411764,0.5588235294117647,0.3713235294117647,0.4013840830449827,0.2664359861591695,0.40808823529411764,0.11418685121107267,0.43944636678200694,0.19332897420199724,2.2820690495178555,3.1814797920796094,2.697175822020111,-6.087505581724891,-4.206012829339628,5.665300994513123
Mewtwo,0.636,0.47665408805031445,0.48127044025157234,0.6360000000000001,0.6360000000000001,5.0,0.3416,nan,0.9375,0.4411764705882353,0.8235294117647058,0.5735294117647058,0.40484429065743943,0.4809688581314879,0.8345588235294118,0.5467128027681661,0.7231833910034602,0.49668552665990723,4.265110872255842,4.015767544910344,4.0804691950745955,-8.745699406134039,6.218812695429242,-8.076012435034901
Pikachu,0.642,0.4749283489096573,0.48039875389408104,0.642,0.6419999999999999,3.0,0.2164,nan,0.8203125,0.6948529411764706,0.8345588235294118,0.8492647058823529,0.03460207612456748,0.4913494809688581,0.9044117647058824,0.31141868512110726,0.8996539792387543,0.46723146579384334,3.9700430138441916,4.252885922816178,3.8439130471019896,7.875948491886557,6.061414154794706,-8.339967348491315
Squirtle,0.4396,0.4227843494085532,0.4392356687898089,0.4396,0.4396000000000001,5.0,0.1736,nan,1.0,0.43014705882352944,0.38235294117647056,0.6838235294117647,0.0657439446366782,0.31833910034602075,0.5294117647058824,0.14878892733564014,0.47750865051903113,0.29371661802851506,2.181150731296181,2.6080344710217642,2.0124077963085667,-5.230830316122658,3.1056439419298947,-4.325958284397881
